{"fx": 646.8458251953125, "fy": 646.8458251953125, "cx": 660.7882690429688, "cy": 364.16741943359375}